Index,Mkt.RF,SMB,HML,RF,RFJ,JPY.r,Mkt.RFJ,SMBJ,HMLJ
31/7/1990,0.001,0.06,0.0363,0.0068,0.006079227,0.036886633,-0.03413112,0.057865535,0.035008649
31/8/1990,-0.1188,-0.0497,0.0033,0.0066,0.006565952,0.022845275,-0.138594987,-0.048589949,0.003226294
30/9/1990,-0.1738,0.0067,0.0014,0.006,0.006863241,0.04424203,-0.209921559,0.006416137,0.001340685
31/10/1990,0.249,0.0121,-0.0455,0.0068,0.006139236,0.069258715,0.168319276,0.011316251,-0.042552845
30/11/1990,-0.1412,-0.0553,-0.002,0.0057,0.006131445,-0.032385939,-0.112696723,-0.057150885,-0.00206694
31/12/1990,0.0193,-0.0586,-0.0361,0.006,0.005765295,-0.002982849,0.022602169,-0.058775318,-0.036208003
31/1/1991,0.0119,-0.0756,0.0024,0.0052,0.005724608,0.022259491,-0.010771752,-0.073953826,0.00234774
28/2/1991,0.1229,0.1115,0.008,0.0048,0.005542076,-0.006588413,0.129636953,0.11223948,0.008053057
31/3/1991,-0.0421,0.0363,0.004,0.0044,0.005668242,-0.063342318,0.021708161,0.03875482,0.004270504
30/4/1991,0.0218,0.0141,0.015,0.0053,0.005820037,0.026055313,-0.004801879,0.013741949,0.014619095
31/5/1991,-0.0203,-0.0079,0.004,0.0047,0.005690949,-0.003264418,-0.018066932,-0.007925873,0.0040131
30/6/1991,-0.0709,0.0117,0.0357,0.0042,0.005872403,-0.0007249,-0.071895363,0.011708487,0.035725898
31/7/1991,0.0139,-0.0351,0.01,0.0049,0.005531881,0,0.013268119,-0.0351,0.01
31/8/1991,-0.0724,-0.0495,-0.0084,0.0046,0.005157018,0.00583303,-0.078363035,-0.049212939,-0.008351287
30/9/1991,0.0866,0.0178,0.0008,0.0046,0.004634206,0.031746032,0.05299041,0.017252308,0.000775385
31/10/1991,0.0406,0.0212,-0.0342,0.0042,0.004470905,0.016595289,0.023273381,0.020853923,-0.033641706
30/11/1991,-0.0852,-0.023,-0.0035,0.0039,0.004454242,0.005691432,-0.09095337,-0.022869838,-0.003480193
31/12/1991,0.025,0.01,-0.0009,0.0038,0.004098824,0.038498403,-0.013437695,0.009629288,-0.000866636
31/1/1992,-0.0567,-0.0117,0.0191,0.0034,0.003705219,-0.004690357,-0.052543933,-0.011755136,0.019190008
29/2/1992,-0.0722,0.0299,-0.007,0.0028,0.003837142,-0.026920399,-0.047491947,0.030727188,-0.007193656
31/3/1992,-0.1145,-0.0122,0.0231,0.0034,0.003755612,-0.028629396,-0.088656888,-0.012559573,0.023780831
30/4/1992,-0.077,-0.0398,0.0545,0.0032,0.00357631,-0.003892216,-0.073757253,-0.039955515,0.054712955
31/5/1992,0.0873,0.0515,-0.0241,0.0028,0.003758011,0.033655706,0.050848464,0.049823166,-0.023315307
30/6/1992,-0.0905,-0.0006,0.0249,0.0032,0.00350016,0.029880478,-0.117280817,-0.000582592,0.024177563
31/7/1992,-0.0327,-0.0569,-0.0112,0.0031,0.002974196,-0.017227878,-0.0155632,-0.05789745,-0.011396335
31/8/1992,0.1637,-0.0509,-0.0659,0.0026,0.002953223,0.039056143,0.119507779,-0.048986766,-0.063422944
30/9/1992,-0.0286,0.0361,-0.0014,0.0026,0.002887854,0.031040268,-0.058210881,0.035013181,-0.001357852
31/10/1992,-0.0539,-0.0176,0.0118,0.0023,0.002741613,-0.032074706,-0.022913928,-0.018183221,0.012191023
30/11/1992,0.0185,-0.0321,-0.014,0.0023,0.002811935,-0.012192187,0.030587464,-0.0324962,-0.014172797
31/12/1992,-0.0103,0.021,0.0233,0.0028,0.002792541,0.000160449,-0.010451761,0.020996631,0.023296262
31/1/1993,-0.0087,-0.0167,0.0028,0.0023,0.002611333,-0.000160424,-0.008851911,-0.01670268,0.002800449
28/2/1993,0.0435,0.0209,-0.0016,0.0022,0.002381069,0.056973294,-0.013046706,0.019773442,-0.001513756
31/3/1993,0.1584,0.0026,0.037,0.0025,0.00265505,0.014187446,0.142005145,0.002563629,0.036482408
30/4/1993,0.1668,0.0107,0.0381,0.0024,0.002531942,0.046333783,0.11489351,0.010226182,0.036412855
31/5/1993,0.0496,0.1226,-0.0183,0.0022,0.002594327,0.031841812,0.016747967,0.118816662,-0.017735277
30/6/1993,-0.0419,-0.0264,-0.0267,0.0025,0.002406232,0.009086651,-0.050456269,-0.026162273,-0.026459571
31/7/1993,0.0671,-0.0479,0.0036,0.0024,0.002251899,0.003761166,0.063240607,-0.047720515,0.003586511
31/8/1993,0.0215,-0.0051,0.0032,0.0025,0.002142896,0.021810146,2.16327E-07,-0.004991142,0.003131697
30/9/1993,-0.052,0.0087,-0.0065,0.0026,0.001889408,-0.008761905,-0.042886718,0.008776902,-0.006557456
31/10/1993,-0.0256,-0.0767,0.0019,0.0022,0.001624572,-0.028407514,0.003529352,-0.078942562,0.001955552
30/11/1993,-0.1622,-0.0154,-0.0037,0.0025,0.001343363,-0.009713186,-0.152801316,-0.01555105,-0.003736291
31/12/1993,0.02,-0.0092,0.0281,0.0023,0.00119462,-0.023008057,0.045180438,-0.009416659,0.028761752
31/1/1994,0.1687,0.012,0.0359,0.0025,0.001720296,0.015639207,0.151445111,0.011815219,0.035347198
28/2/1994,0.0388,0.0093,0.0246,0.0021,0.001860836,0.053650125,-0.013961746,0.008826459,0.023347409
31/3/1994,-0.0223,0.0555,0.0201,0.0027,0.001869817,0.009673051,-0.030862421,0.054968289,0.019907434
30/4/1994,0.0329,0.0221,0,0.0027,0.001878797,0.007798791,0.025707274,0.02192898,0
31/5/1994,0.0123,-0.0203,0.0278,0.0032,0.001808568,-0.01799732,0.032302663,-0.020672041,0.028309495
30/6/1994,0.0602,0.0456,0.0385,0.0031,0.001833072,0.056966508,0.004159068,0.043142332,0.036424995
31/7/1994,-0.0411,0.0097,-0.0059,0.0028,0.001891857,-0.009024366,-0.031434091,0.009788334,-0.005953729
31/8/1994,-0.0029,-0.0225,0.006,0.0037,0.00218033,0.001808137,-0.003186647,-0.02245939,0.005989171
30/9/1994,-0.0322,-0.0174,0.0059,0.0037,0.002041911,0.011070485,-0.041179129,-0.017209483,0.005835399
31/10/1994,0.022,-0.0068,0.0095,0.0038,0.002222627,0.009949738,0.013471482,-0.006733008,0.009406409
30/11/1994,-0.0655,-0.0194,-0.0009,0.0037,0.002086717,-0.014057443,-0.050509981,-0.019676603,-0.000912832
31/12/1994,0.0161,0.0053,-0.0041,0.0044,0.001957944,-0.008821171,0.027624176,0.005347168,-0.004136489
31/1/1995,-0.0685,0.0201,-0.0221,0.0042,0.001934289,0.012072639,-0.077395907,0.019860235,-0.021836377
28/2/1995,-0.0561,-0.009,0.0008,0.004,0.001839606,0.01566203,-0.06855671,-0.008861215,0.000787664
31/3/1995,0.086,-0.0345,0.0123,0.0046,0.001345006,0.085145636,0.003681383,-0.031792968,0.011334884
30/4/1995,0.0367,-0.0204,-0.0183,0.0045,0.001119745,0.068965517,-0.027093938,-0.019083871,-0.017119355
31/5/1995,-0.0679,-0.0261,-0.0067,0.0054,0.000738658,0.005830729,-0.068673279,-0.0259487,-0.006661161
30/6/1995,-0.046,-0.0167,0.0193,0.0047,0.000642723,-0.015912452,-0.026440782,-0.016970035,0.019612076
31/7/1995,0.059,0.0011,-0.0244,0.0045,0.000480395,-0.043672569,0.111586419,0.001150234,-0.025514274
31/8/1995,-0.0308,0.031,-0.0053,0.0047,0.000493657,-0.10879758,0.092299605,0.034784466,-0.005947022
30/9/1995,-0.016,-0.018,-0.0194,0.0043,0.000198117,-0.003015833,-0.008908553,-0.018054449,-0.019458684
31/10/1995,-0.0432,0.0186,-0.0066,0.0047,0.000175664,-0.022022317,-0.017024394,0.019018839,-0.00674862
30/11/1995,0.0409,0.0074,0.0045,0.0042,0.00010161,0.001082624,0.043868164,0.007391997,0.004495133
31/12/1995,0.0435,0.0178,0.0257,0.0049,0.000247164,-0.011864819,0.060741272,0.01801373,0.026008587
31/1/1996,-0.0167,0.0314,0.0204,0.0043,0.000371739,-0.043265876,0.031889968,0.032819985,0.021322538
29/2/1996,-0.0184,-0.0034,-0.003,0.0039,0.000593062,0.024596025,-0.038750563,-0.003318381,-0.002927983
31/3/1996,0.026,-0.0089,-0.0096,0.0039,0.000436451,-0.012613545,0.042620192,-0.009013695,-0.009722637
30/4/1996,0.0638,0.05,0.0125,0.0046,0.000655962,0.011617388,0.05547456,0.049425801,0.01235645
31/5/1996,-0.0491,0.0091,0.0063,0.0042,0.000401612,-0.024975628,-0.020836354,0.0093331,0.006461377
30/6/1996,-0.0003,-0.0169,0.0119,0.004,0.000468789,-0.014728079,0.018234757,-0.017152625,0.012077884
31/7/1996,-0.0517,-0.0124,0.0103,0.0045,0.000657616,0.01241028,-0.059537184,-0.012247999,0.010173741
31/8/1996,-0.0472,0.0067,-0.0044,0.0041,0.000226385,-0.004104409,-0.039382689,0.006727613,-0.004418134
30/9/1996,0.0244,-0.0478,0.0043,0.0044,0.000346007,-0.022670933,0.052318888,-0.048908808,0.004399746
31/10/1996,-0.0728,0.005,0.0045,0.0042,0.000233034,-0.025261401,-0.0446948,0.00512958,0.004616622
30/11/1996,0.0022,-0.0503,0.0137,0.0041,0.000238853,-0.000439136,0.006503244,-0.050322098,0.013706019
31/12/1996,-0.0752,-0.0463,0.0202,0.0046,0.000254643,-0.016030765,-0.055712916,-0.047054317,0.020529097
31/1/1997,-0.1118,0.0068,0.0109,0.0045,0.000243839,-0.052564785,-0.058015827,0.007177272,0.011504744
28/2/1997,0.0146,-0.025,-0.005,0.0039,0.000275416,0.011176885,0.006966755,-0.024723666,-0.004944733
31/3/1997,-0.041,-0.0437,0.0167,0.0043,0.000420692,-0.026359276,-0.011041369,-0.044883086,0.017152117
30/4/1997,0.0149,-0.0523,-0.0018,0.0043,0.00057319,-0.022611779,0.0422059,-0.053509955,-0.001841643
31/5/1997,0.1305,0.0432,-0.0438,0.0049,0.000627,0.089999571,0.041024787,0.039633043,-0.040183502
30/6/1997,0.0544,-0.0308,-0.0067,0.0037,0.000526804,0.016676125,0.040217612,-0.0302948,-0.006590103
31/7/1997,-0.0444,-0.0738,-0.0226,0.0043,0.000385847,-0.029939866,-0.010859562,-0.076077758,-0.023297525
31/8/1997,-0.0983,-0.0123,0.0027,0.0041,0.000350158,-0.007523221,-0.087683969,-0.012393237,0.002720467
30/9/1997,-0.0296,-0.1143,-0.0197,0.0044,0.000395804,-0.017751724,-0.00797869,-0.116365692,-0.020056029
31/10/1997,-0.0807,0.0808,-0.0086,0.0042,0.000369249,0.008535265,-0.084684858,0.080116187,-0.008527218
30/11/1997,-0.0835,-0.0947,-0.032,0.0039,0.000297014,-0.053589723,-0.027780102,-0.100062312,-0.033811974
31/12/1997,-0.0812,-0.0669,-0.0179,0.0048,0.000467131,-0.021439038,-0.056632219,-0.068365695,-0.018292166
31/1/1998,0.1055,0.1335,0.0195,0.0043,0.000535089,0.026235606,0.08089299,0.130087086,0.019001485
28/2/1998,0.0082,0.0459,0.0101,0.0039,0.000450549,-0.006369677,0.018137529,0.046194242,0.010164746
31/3/1998,-0.0692,-0.0294,0.0122,0.0039,0.000446402,-0.034360999,-0.032486327,-0.030446161,0.012634121
30/4/1998,-0.0229,-0.0241,-0.0183,0.0043,0.000364269,-0.003820114,-0.015200832,-0.024192418,-0.018370176
31/5/1998,-0.049,0.0027,0.0057,0.004,0.000320269,-0.048511894,0.00337068,0.00283766,0.005990616
30/6/1998,0.0031,0.0008,0.0034,0.0041,0.000384187,-0.021067465,0.028491618,0.000817217,0.003473171
31/7/1998,-0.0163,0.0074,-0.0165,0.004,0.000361779,-0.011388966,-0.001283308,0.007485249,-0.016690083
31/8/1998,-0.0926,0.0153,-0.0158,0.0043,0.000308642,0.015239914,-0.102294303,0.015070329,-0.015562824
30/9/1998,-0.0391,-0.0176,-0.024,0.0046,0.000222228,0.053021559,-0.083336916,-0.016713808,-0.022791556
31/10/1998,0.1612,-0.0467,0.0165,0.0032,0.000181485,0.149355929,0.012907646,-0.040631452,0.014355866
30/11/1998,0.0363,0.0138,0.0209,0.0031,0.000166514,-0.053392749,0.097860147,0.01457838,0.022078851
31/12/1998,0.0278,0.0009,-0.0198,0.0038,0.00047708,0.066813605,-0.033485287,0.000843634,-0.018559943
31/1/1999,0.0079,-0.0048,-0.0042,0.0035,0.000411567,-0.005757745,0.01684554,-0.004827797,-0.004224323
28/2/1999,-0.026,0.0413,-0.0457,0.0035,0.000239684,-0.028226648,0.005653304,0.042499622,-0.047027427
31/3/1999,0.1361,-0.0061,0.016,0.0043,0.000175664,-0.006059348,0.147176543,-0.006137187,0.016097541
30/4/1999,0.0467,0.044,0.0389,0.0037,0.000111598,0.00921466,0.040697698,0.043598257,0.038544823
31/5/1999,-0.0532,-0.0019,-0.0119,0.0034,7.16384E-05,-0.018741523,-0.031723316,-0.001936289,-0.012127284
30/6/1999,0.1047,0.0963,-0.0601,0.004,0.000200612,0.005537877,0.102393359,0.09576964,-0.059769007
31/7/1999,0.0994,-0.0401,0.0054,0.0038,0.000170673,0.046628314,0.053880689,-0.038313506,0.005159425
31/8/1999,0.028,0.016,0.0004,0.0039,0.000118256,0.04384143,-0.011558146,0.015327999,0.0003832
30/9/1999,0.0682,-0.0233,-0.0389,0.0039,0.00011243,0.034614846,0.036118593,-0.022520458,-0.037598533
31/10/1999,0.0621,-0.0545,-0.0571,0.0039,0.000105772,0.020012389,0.044979574,-0.053430724,-0.055979712
30/11/1999,0.0724,-0.0525,-0.1425,0.0036,0.000159859,0.022210316,0.052461096,-0.051359294,-0.139403798
31/12/1999,0.0361,-0.0791,-0.0824,0.0044,0.000153204,0.005583582,0.034569337,-0.078660791,-0.081942467
31/1/2000,-0.0536,0.0164,0.0632,0.0041,0.000159859,-0.044729331,-0.005153908,0.017167909,0.066159259
29/2/2000,-0.0172,0.0274,-0.0786,0.0043,0.000159859,-0.025354553,0.012618688,0.028112787,-0.080644711
31/3/2000,0.061,0.0086,0.0603,0.0047,0.000213083,0.035950491,0.028504031,0.008301555,0.058207415
30/4/2000,-0.0909,-0.0317,0.0244,0.0046,0.000198117,-0.007036307,-0.080023486,-0.031924632,0.024572902
31/5/2000,-0.0755,0.0483,0.1005,0.005,0.000174832,-0.000609442,-0.07010801,0.048329454,0.100561286
30/6/2000,0.0592,0.0199,0.0611,0.004,0.000262953,0.014168212,0.048083848,0.019621991,0.060246416
31/7/2000,-0.1228,-0.0092,0.0449,0.0048,0.000243008,-0.041121495,-0.080418447,-0.009594542,0.046825536
31/8/2000,0.0646,0.0148,-0.0351,0.005,0.000390825,0.027063726,0.041024593,0.014410011,-0.034175095
30/9/2000,-0.0482,-0.0314,0.0605,0.0051,0.000414885,-0.009691181,-0.034150644,-0.031707281,0.061092054
31/10/2000,-0.0757,-0.0622,0.0796,0.0056,0.000377548,-0.010416189,-0.060689581,-0.062854706,0.080437856
30/11/2000,-0.0303,0.0113,0.0581,0.0051,0.000382528,-0.021375006,-0.004291067,0.011546813,0.059369013
31/12/2000,-0.0989,-0.0137,0.0779,0.005,0.000390825,-0.028530297,-0.067680318,-0.014102344,0.080187781
31/1/2001,-0.0079,0.014,-0.0579,0.0054,0.000301167,-0.009077941,0.006337035,0.014128255,-0.058430428
28/2/2001,-0.0552,0.047,0.0626,0.0038,0.00018897,-0.006186364,-0.045684055,0.047292569,0.062989677
31/3/2001,-0.0421,0.0058,0.0051,0.0042,6.24785E-05,-0.057038687,0.020233887,0.006150836,0.005408493
30/4/2001,0.087,0.0016,0.0471,0.0039,3.74923E-05,0.000689152,0.09011123,0.001598898,0.047067563
31/5/2001,-0.0013,0.0287,-0.0079,0.0032,1.66651E-05,0.023695896,-0.021308043,0.02803567,-0.007717136
30/6/2001,-0.0534,0.0106,0.0647,0.0028,2.58297E-05,-0.034961954,-0.016230419,0.010984023,0.067043989
31/7/2001,-0.0893,-0.0145,0.0641,0.003,4.24901E-05,-0.00247683,-0.084073792,-0.014536003,0.064259159
31/8/2001,-0.0271,0.0175,0.0824,0.0031,3.16612E-05,0.047670866,-0.068441377,0.016703719,0.078650655
30/9/2001,-0.0769,-0.0101,-0.0032,0.0028,2.41635E-05,-0.00225498,-0.072031559,-0.010122827,-0.003207232
31/10/2001,0.008,0.0302,-0.0454,0.0022,2.83289E-05,-0.019610251,0.030378202,0.030804076,-0.046308114
30/11/2001,-0.018,-0.0346,-0.032,0.0017,3.83253E-05,-0.014603841,-0.001759622,-0.035112781,-0.032474249
31/12/2001,-0.0823,-0.0372,0.0164,0.0015,3.91582E-05,-0.059849807,-0.022323038,-0.039568146,0.017444021
31/1/2002,-0.0782,0.0194,0.0153,0.0014,1.99978E-05,-0.008013846,-0.069361847,0.019556725,0.015423602
28/2/2002,0.0508,0.0043,0.0307,0.0013,2.83289E-05,-0.01016684,0.062878071,0.004344166,0.031015328
31/3/2002,0.0563,0.0043,-0.0559,0.0013,2.08309E-05,0.011184334,0.045881448,0.004252439,-0.055281711
30/4/2002,0.0521,0.0127,-0.0126,0.0015,2.49966E-05,0.035969258,0.016993599,0.012259051,-0.012162523
31/5/2002,0.071,0.0155,0.0274,0.0014,2.16641E-05,0.037395281,0.03372123,0.014941267,0.026412304
30/6/2002,-0.0479,0.0158,0.0161,0.0013,2.33303E-05,0.033287333,-0.077337095,0.015291003,0.015581339
31/7/2002,-0.0604,0.0362,0.0319,0.0015,1.5832E-05,-0.006563915,-0.052697716,0.036439184,0.032110772
31/8/2002,-0.0142,-0.0132,0.018,0.0014,5.83315E-06,0.019482445,-0.031671356,-0.012947746,0.017656018
30/9/2002,-0.0494,-0.0006,0.0397,0.0014,7.49969E-06,-0.038052557,-0.010348442,-0.000623735,0.041270446
31/10/2002,-0.0677,-0.0272,0.0126,0.0014,1.41656E-05,-0.00130203,-0.065096875,-0.027235461,0.012616427
30/11/2002,0.0303,-0.0602,-0.009,0.0012,1.41656E-05,0.005729017,0.025610016,-0.059857078,-0.008948733
31/12/2002,-0.0242,0.0222,0.0123,0.0011,1.41656E-05,0.01816591,-0.040543817,0.021803912,0.012080546
31/1/2003,-0.0341,0.0385,0.0168,0.001,1.41656E-05,0.007979505,-0.040768472,0.038195221,0.016667006
28/2/2003,0.0146,0.0206,0.0583,0.0009,1.66651E-05,0.011168677,0.004266817,0.020372467,0.057656058
31/3/2003,-0.0293,0.0314,0.0183,0.001,2.24972E-05,-0.017728278,-0.010785021,0.031966715,0.018630283
30/4/2003,0.0109,0.0349,0.0014,0.001,1.66651E-05,0.00146211,0.010405985,0.034849047,0.001397956
31/5/2003,0.0453,0.0209,-0.0219,0.0009,1.41656E-05,0.012092001,0.033686327,0.020650297,-0.021638349
30/6/2003,0.0712,0.0019,0.0194,0.001,5.83315E-06,-0.012731143,0.086020524,0.001924501,0.019650169
31/7/2003,0.0347,-0.0106,-0.0056,0.0007,8.33295E-06,-0.004322347,0.039886454,-0.010646016,-0.00562431
31/8/2003,0.0979,-0.0153,0.0243,0.0007,2.66628E-05,0.025268451,0.07149758,-0.014922921,0.02370111
30/9/2003,0.0748,0.0303,-0.0168,0.0008,4.16571E-05,0.049505836,0.024821629,0.02887073,-0.016007534
31/10/2003,0.0416,0.0446,-0.0284,0.0007,2.41635E-05,0.029227654,0.012676959,0.043333465,-0.027593507
30/11/2003,-0.0387,-0.0323,-0.002,0.0007,1.49988E-05,-0.005902539,-0.032303041,-0.032491784,-0.002011875
31/12/2003,0.0647,-0.0195,0.0279,0.0008,1.66651E-05,0.020451044,0.044129457,-0.019109197,0.027340851
31/1/2004,0.0198,0.0481,0.0024,0.0007,1.41656E-05,0.0107603,0.009621848,0.047587939,0.00237445
29/2/2004,-0.0008,-0.0087,0.0231,0.0006,1.49988E-05,-0.032554105,0.033427806,-0.008992751,0.023877304
31/3/2004,0.1503,0.074,0.0352,0.0009,1.66651E-05,0.033991125,0.11333912,0.071567345,0.034042845
30/4/2004,-0.0454,0.0796,-0.0381,0.0008,1.66651E-05,-0.036875369,-0.00803705,0.082647663,-0.039558743
31/5/2004,-0.0335,-0.0337,0.0025,0.0006,1.5832E-05,-0.003849986,-0.02917812,-0.033830246,0.002509662
30/6/2004,0.0539,0.0592,-0.0114,0.0008,3.58263E-05,0.018217036,0.035794417,0.058140846,-0.011196041
31/7/2004,-0.0678,-0.0131,0.0465,0.001,4.16571E-05,-0.032613545,-0.035380642,-0.013541641,0.048067657
31/8/2004,0.0099,0.0032,-0.0111,0.0011,2.33303E-05,0.017199909,-0.006118405,0.003145891,-0.010912309
30/9/2004,-0.0318,-0.0144,0.0318,0.0011,2.49966E-05,-0.008727338,-0.02219111,-0.01452678,0.032079973
31/10/2004,0.0238,-0.0029,0.0041,0.0011,1.41656E-05,0.048290498,-0.022327158,-0.002766409,0.00391113
30/11/2004,0.0381,-0.0072,-0.004,0.0015,5.83315E-06,0.029019265,0.010276515,-0.006996954,-0.003887196
31/12/2004,0.0503,-0.0114,0.0091,0.0016,5.83315E-06,-0.008229859,0.060622992,-0.011494599,0.009175513
31/1/2005,-0.012,0.0649,0.0054,0.0016,4.99986E-06,0.002508926,-0.012881619,0.064737578,0.005386486
28/2/2005,0.0171,0.0159,0.0228,0.0016,5.83315E-06,-0.011541396,0.030588667,0.016085651,0.023066216
31/3/2005,-0.0151,0.0138,0.0344,0.0021,8.33295E-06,-0.024290368,0.011563109,0.014143552,0.035256391
30/4/2005,-0.0217,0.026,0.0047,0.0021,5.83315E-06,0.01305803,-0.032242911,0.025664867,0.004639418
31/5/2005,-0.0261,-0.0209,0.0024,0.0024,5.83315E-06,-0.017006487,-0.006815148,-0.021261585,0.002441522
30/6/2005,0.0073,0.0194,-0.0035,0.0023,7.49969E-06,-0.023043144,0.033405587,0.019857581,-0.003582553
31/7/2005,0.0066,0.0158,-0.0104,0.0024,1.24991E-05,-0.016693376,0.026117068,0.016068233,-0.010576558
31/8/2005,0.0667,-0.0375,-0.007,0.003,2.41635E-05,0.007806191,0.061390233,-0.037209535,-0.00694578
30/9/2005,0.0793,-0.0644,0.0315,0.0029,3.66593E-05,-0.016458545,0.100272834,-0.065477667,0.03202712
31/10/2005,-0.0035,0.022,0.0115,0.0027,8.9123E-05,-0.020994427,0.020538367,0.022471782,0.011746613
30/11/2005,0.0293,0.0002,-0.0215,0.0031,6.66422E-05,-0.033525384,0.068145583,0.000206938,-0.022245799
31/12/2005,0.0945,0.047,-0.0614,0.0032,7.49691E-05,0.016336403,0.079980805,0.046244531,-0.060413068
31/1/2006,0.0354,-0.0025,0.0244,0.0035,7.99648E-05,0.001657599,0.037100805,-0.002495863,0.024359622
28/2/2006,-0.0258,-0.0504,0.0374,0.0034,0.000150708,0.012392427,-0.03451725,-0.049783067,0.036942197
31/3/2006,0.0267,0.0036,-0.0109,0.0037,0.000250488,-0.00891296,0.039416018,0.003632375,-0.010998025
30/4/2006,0.0209,-0.0123,0.0139,0.0036,0.000252981,0.026978496,-0.002666368,-0.011976882,0.01353485
31/5/2006,-0.074,-0.0284,0.027,0.0043,0.000462986,0.016878953,-0.085604833,-0.027928595,0.026551833
30/6/2006,-0.0177,-0.0158,-0.0047,0.004,0.000483711,-0.025137846,0.011249072,-0.01620742,-0.004821194
31/7/2006,-0.022,-0.0596,0.0526,0.004,0.00047708,0.004316735,-0.022697893,-0.059343828,0.052373916
31/8/2006,0.0131,0.0072,-0.0177,0.0042,0.000354309,-0.021795692,0.039612487,0.007360426,-0.01809438
30/9/2006,-0.0207,-0.0139,0.0053,0.0041,0.000339366,-0.004585403,-0.012409308,-0.013964031,0.005324415
31/10/2006,0.0125,-0.0235,-0.011,0.0041,0.000455524,0.001105113,0.015022258,-0.023474059,-0.010987857
30/11/2006,-0.0045,-0.0197,0.0215,0.0042,0.000514376,0.010306179,-0.011012361,-0.019499039,0.021280678
31/12/2006,0.0142,-0.0199,0.0122,0.004,0.000506918,-0.020814061,0.039336446,-0.020323004,0.012459329
31/1/2007,0.004,0.0049,0.0022,0.0044,0.000450549,-0.022925226,0.031609665,0.005014969,0.002251619
28/2/2007,0.0346,-0.012,0.0275,0.0038,0.000565736,0.030526271,0.007074757,-0.011644536,0.026685394
31/3/2007,-0.017,0.0014,0.0267,0.0043,0.000522662,-8.46704E-05,-0.013139059,0.001400119,0.026702261
30/4/2007,-0.0275,-0.0153,0.0247,0.0044,0.000558283,-0.012086993,-0.011706032,-0.015487194,0.025002201
31/5/2007,0.0037,-0.0366,0.0016,0.0041,0.000637758,-0.016575495,0.024148582,-0.037216888,0.001626968
30/6/2007,-0.0032,0.0296,-0.0066,0.004,0.000687395,-0.013431261,0.013737612,0.030002978,-0.006689853
31/7/2007,-0.0042,0.006,0.0044,0.004,0.000674989,0.033724832,-0.033493038,0.005804253,0.004256452
31/8/2007,-0.038,-0.0335,0.0147,0.0042,0.000606307,0.027541916,-0.060304034,-0.032602076,0.014305986
30/9/2007,0.0141,-0.0274,0.0006,0.0032,0.000578986,0.003981133,0.012687067,-0.02729135,0.000597621
31/10/2007,0.0007,0.0353,-0.0529,0.0032,0.000546687,0.006621074,-0.003249863,0.035067813,-0.052552049
30/11/2007,-0.0229,-0.0151,0.0024,0.0034,0.000521833,0.045591182,-0.062774828,-0.014441591,0.002295352
31/12/2007,-0.0399,-0.0213,0.0216,0.0027,0.000501117,-0.035875818,-0.001874573,-0.02209259,0.022403753
31/1/2008,-0.049,-0.0086,0.0385,0.0021,0.000404101,0.071973263,-0.111296104,-0.008022588,0.035915075
29/2/2008,0.0101,0.0206,-0.0064,0.0013,0.000453865,0.012197446,-0.001241702,0.02035176,-0.006322877
31/3/2008,-0.0371,0.0312,0.017,0.0017,0.000453036,0.056212571,-0.087189905,0.029539508,0.016095245
30/4/2008,0.0622,-0.0642,-0.0129,0.0018,0.000557454,-0.043928022,0.112329466,-0.067149756,-0.013492708
31/5/2008,0.0203,0.0123,0.0118,0.0018,0.000614585,-0.01562944,0.037713908,0.012495294,0.011987356
30/6/2008,-0.0661,0.0119,0.0368,0.0017,0.000576502,-0.006727196,-0.05863991,0.011980596,0.037049237
31/7/2008,-0.0312,-0.0146,0.0231,0.0015,0.000550828,-0.017244568,-0.013224818,-0.014856189,0.023505339
31/8/2008,-0.0436,-0.0287,0.0113,0.0013,0.000497801,-0.011606653,-0.031551579,-0.029037023,0.011432695
30/9/2008,-0.105,0.0112,0.0522,0.0015,0.000555798,0.049995202,-0.146742373,0.010666715,0.049714513
31/10/2008,-0.1355,0.0394,0.0453,0.0008,0.000415715,0.054917245,-0.1801618,0.037348901,0.042941757
30/11/2008,0.0005,0.0396,-0.0003,0.0003,0.000460499,0.034993976,-0.033498348,0.038261092,-0.000289857
31/12/2008,0.0857,0.0078,0.0026,0,0.000275416,0.052779616,0.030994551,0.007408958,0.002469653
31/1/2009,-0.065,0.0369,-0.001,0,0.000265445,0.008117425,-0.072794124,0.036602879,-0.000991948
28/2/2009,-0.1193,-0.0114,0.006,0.0001,0.000292861,-0.085566119,-0.037073958,-0.01246673,0.006561437
31/3/2009,0.013,0.0008,0.0072,0.0002,0.000252981,0.009546784,0.003365688,0.000792435,0.007131913
30/4/2009,0.0805,-0.0382,-0.0139,0.0001,0.000223059,-0.001997746,0.082540026,-0.038276467,-0.013927824
31/5/2009,0.1089,0.0219,-0.0344,0,0.000150708,0.009097488,0.098752037,0.021702561,-0.034089868
30/6/2009,0.0285,0.0452,0.0005,0.0001,0.000159027,0.005927621,0.022379751,0.04493365,0.000497054
31/7/2009,0.0406,-0.0139,0.0061,0.0001,0.000164019,0.006226129,0.034096542,-0.013813992,0.006062256
31/8/2009,0.034,0.0295,-0.0039,0.0001,0.000141556,0.023453815,0.010260657,0.028823968,-0.003810626
30/9/2009,-0.0084,0.0211,-0.0482,0.0001,0.000142388,0.034798027,-0.041791122,0.020390452,-0.046579138
31/10/2009,-0.0229,-0.0058,0.0123,0,0.000154036,-0.013986778,-0.009193694,-0.005882274,0.012474478
30/11/2009,-0.02,-0.0307,-0.04,0,0.000149876,0.056206359,-0.07230089,-0.02906629,-0.037871387
31/12/2009,0.0022,-0.0379,0.0621,0.0001,0.000109934,-0.058206522,0.064136128,-0.040242368,0.065938023
31/1/2010,0.0234,0.0037,0.0028,0,0.000103275,0.024441846,-0.001120264,0.003611723,0.002733196
28/2/2010,0.0076,0.0101,-0.0133,0,0.000102442,0.005767723,0.001719327,0.01004208,-0.013223729
31/3/2010,0.0483,-0.0149,0.0613,0.0001,0.000108269,-0.039220961,0.091089558,-0.015508248,0.063802391
30/4/2010,0.0053,0.0448,0.0107,0.0001,0.000108269,-0.010908897,0.016380503,0.045294109,0.010818013
31/5/2010,-0.0793,0.0191,-0.035,0.0001,0.000116592,0.029980817,-0.106119359,0.018544035,-0.033981215
30/6/2010,-0.0064,0.0186,-0.0318,0.0001,0.000114927,0.029743763,-0.03511758,0.018062746,-0.030881469
31/7/2010,0.0294,-0.0137,-0.0136,0.0001,0.000109101,0.021151519,0.008066455,-0.013416226,-0.013318298
31/8/2010,-0.0261,-0.0081,0.0071,0.0001,9.0788E-05,0.02541221,-0.050228878,-0.007899262,0.006924045
30/9/2010,0.0469,-0.0055,-0.0159,0.0001,9.32855E-05,0.010028055,0.036511584,-0.005445393,-0.015742137
31/10/2010,0.0123,-0.0344,-0.0085,0.0001,9.74478E-05,0.034966331,-0.021901375,-0.033237796,-0.008212828
30/11/2010,0.0197,0.0074,0.0028,0.0001,0.000129075,-0.039632157,0.061755709,0.007705381,0.00291555
31/12/2010,0.0755,0.0284,0.0133,0.0001,0.000119089,0.03233907,0.041786649,0.027510341,0.012883364
31/1/2011,0.004,0.0186,0.0097,0.0001,0.000124914,-0.005724377,0.009756025,0.018707086,0.009755846
28/2/2011,0.0483,-0.0019,0.0109,0.0001,0.000149876,0.005757334,0.042248686,-0.001889124,0.010837604
31/3/2011,-0.0867,0.0214,0.0132,0.0001,0.000124082,-0.018042942,-0.069940839,0.021793214,0.013442543
30/4/2011,0.0078,-0.01,-0.0191,0,0.000133236,0.010821327,-0.003122217,-0.009892945,-0.018895525
31/5/2011,-0.0162,-0.0017,-0.0012,0,0.000124914,0.01712837,-0.032892037,-0.001671372,-0.001179792
30/6/2011,0.0252,0.0131,0.0228,0,0.000108269,0.001362229,0.023697074,0.013082179,0.022768983
31/7/2011,0.0403,0.0055,-0.0042,0,0.000104939,0.037584324,0.002512367,0.005300774,-0.004047864
31/8/2011,-0.0751,0.0452,0.0026,0.0001,9.74478E-05,0.014336918,-0.088171653,0.044561131,0.002563251
30/9/2011,-0.0046,-0.0108,0.0336,0,9.49504E-05,0.000130353,-0.004824686,-0.010798592,0.033595621
31/10/2011,-0.0119,-0.0217,-0.0243,0,9.49504E-05,0.012538771,-0.024231084,-0.021431278,-0.023999081
30/11/2011,-0.0378,0.0197,0.0043,0,0.000100777,-0.028342417,-0.00983423,0.020274632,0.004425427
31/12/2011,0.0125,0.009,0.0142,0,9.91126E-05,0.004056142,0.008310634,0.008963642,0.014142635
31/1/2012,0.0428,0.0215,0.0247,0,0.000103275,0.016758314,0.02550919,0.021145635,0.024292892
29/2/2012,0.035,-0.032,0.0045,0,9.0788E-05,-0.050885368,0.090399196,-0.033715632,0.004741261
31/3/2012,0.0141,0.0149,-0.0068,0,9.0788E-05,-0.02211556,0.036943813,0.015236974,-0.006953787
30/4/2012,-0.0178,0.0358,-0.0229,0,9.16205E-05,0.015173009,-0.032571808,0.035264925,-0.022557731
31/5/2012,-0.0841,0.0029,-0.0071,0.0001,8.74579E-05,0.026269148,-0.107534075,0.002825769,-0.006918263
30/6/2012,0.0471,-0.011,0.0115,0,8.82904E-05,-0.0040348,0.051253664,-0.011044563,0.011546588
31/7/2012,-0.0183,0.0074,-0.0341,0,8.74579E-05,0.015103033,-0.03299351,0.0072899,-0.033592649
31/8/2012,-0.0065,0.0033,-0.0266,0.0001,8.07974E-05,-0.005156936,-0.001330305,0.003317106,-0.026737886
30/9/2012,0.0227,-0.005,0.0111,0.0001,8.32952E-05,0.011853379,0.010735092,-0.004941427,0.010969969
31/10/2012,-0.019,0.0092,-0.0165,0.0001,8.49603E-05,-0.025855036,0.007054671,0.00944418,-0.016937931
30/11/2012,0.0171,-0.0068,0.0084,0.0001,8.24626E-05,-0.030068781,0.048651695,-0.007010806,0.008660408
31/12/2012,0.0383,-0.0272,0.0707,0.0001,8.163E-05,-0.050291924,0.093306988,-0.02864038,0.074443928
31/1/2013,0.0378,0.0191,-0.011,0,6.24785E-05,-0.049714348,0.092030197,0.02009922,-0.011575467
28/2/2013,0.0286,0.0048,-0.0074,0,5.1652E-05,-0.014188238,0.043352413,0.004869084,-0.007506504
31/3/2013,0.055,0.0486,-0.0364,0,4.66547E-05,-0.019695281,0.076149327,0.049576422,-0.037131312
30/4/2013,0.0895,0.0268,-0.043,0,9.57829E-05,-0.037799459,0.132204557,0.027852822,-0.044689229
31/5/2013,-0.053,0.0034,-0.0322,0,9.57829E-05,-0.031943826,-0.021846766,0.003512193,-0.033262533
30/6/2013,0.0083,-0.0684,0.0356,0,8.66254E-05,0.026496117,-0.017813061,-0.066634446,0.034681086
31/7/2013,0.0142,0.0302,-0.0048,0,8.32952E-05,0.005101781,0.008968743,0.030046708,-0.004775636
31/8/2013,-0.0255,0.0012,0.0061,0,8.32952E-05,-0.00315313,-0.02250085,0.001203796,0.006119295
30/9/2013,0.0879,0.0243,-0.0071,0,7.91322E-05,0.005265849,0.08212216,0.02417271,-0.007062808
31/10/2013,-0.0023,0.0025,0.0027,0,7.49691E-05,-0.006854532,0.004510997,0.002517255,0.002718635
30/11/2013,0.0108,-0.0255,0.005,0,7.16384E-05,-0.037342979,0.049938882,-0.026489185,0.005193958
31/12/2013,0.008,0.0044,-0.0007,0,6.66422E-05,-0.028583638,0.037593458,0.004529469,-0.000720597
31/1/2014,-0.0266,0.059,-0.0082,0,7.08058E-05,0.025015817,-0.050426924,0.057560087,-0.007999877
28/2/2014,-0.0056,-0.0248,0.0079,0,6.33113E-05,0.005973072,-0.011567667,-0.024652747,0.007853093
31/3/2014,-0.0116,0.0126,0.0096,0,6.24785E-05,-0.007579807,-0.004113377,0.012696235,0.009673322
30/4/2014,-0.0233,0.0031,0.0027,0,6.66422E-05,0.003314971,-0.026593677,0.003089758,0.002691079
31/5/2014,0.0379,-0.0096,-0.0129,0,6.49768E-05,0.008257557,0.029334697,-0.009521377,-0.01279435
30/6/2014,0.0576,0.0286,-0.0006,0,6.24785E-05,0.002858974,0.054522491,0.028518466,-0.00059829
31/7/2014,0.0077,0.0033,-0.0025,0,3.99912E-05,-0.013709952,0.02166757,0.003345872,-0.002534751
31/8/2014,-0.0199,0.0268,0.0086,0,4.58218E-05,-0.008436174,-0.011607181,0.027028013,0.008673168
30/9/2014,-0.0105,-0.0164,-0.003,0,5.41505E-05,-0.05196289,0.043681363,-0.017298901,-0.003164433
31/10/2014,-0.0213,-0.0298,-0.001,0,2.08309E-05,0.001647974,-0.02293105,-0.029750971,-0.000998355
30/11/2014,-0.0005,-0.0133,-0.0045,0,8.33295E-06,-0.073382821,0.078646394,-0.014353285,-0.004856374
31/12/2014,-0.0085,0.0177,0.0186,0,-1.66682E-05,-0.022797927,0.014648163,0.018112937,0.019033934
31/1/2015,0.028,-0.0016,-0.0023,0,7.49969E-06,0.019912066,0.007922531,-0.001568763,-0.002255096
28/2/2015,0.0542,-0.0444,0.0195,0,4.99986E-06,-0.00938102,0.064178123,-0.044820462,0.019684662
31/3/2015,0.019,0.0052,-0.0312,0,2.49966E-05,-0.005414862,0.024522788,0.005228311,-0.031369863
30/4/2015,0.0349,-0.013,0.0323,0,0,0.008866664,0.025804536,-0.012885746,0.032016124
31/5/2015,0.0089,-0.0144,0.0123,0,0,-0.038971004,0.049812237,-0.014983939,0.012798781
30/6/2015,-0.0068,0.0388,-0.0224,0,0,0.00937551,-0.016025265,0.038439609,-0.022191939
31/7/2015,0.0092,-0.0051,-0.0154,0,4.16657E-06,-0.011484063,0.020920193,-0.005159249,-0.015578909
31/8/2015,-0.053,0.0197,0.0164,0,4.16657E-06,0.022959604,-0.074258911,0.019257847,0.016031914
30/9/2015,-0.0621,0.0291,0.0134,0,8.33295E-06,0.011887383,-0.073126532,0.028758141,0.01324258
31/10/2015,0.0926,-0.0507,0.0088,0,-8.33337E-07,-0.009665827,0.103264792,-0.05119484,0.008885889
30/11/2015,-0.0016,0.0259,-0.0248,0,-8.33372E-06,-0.014572394,0.013172562,0.026283006,-0.02516674
31/12/2015,0.0042,0.0089,-0.0057,0.0001,-3.58404E-05,0.01912387,-0.014509859,0.008732991,-0.005593039
31/1/2016,-0.0758,0.0082,-0.0127,0.0001,-5.66843E-05,0.013410687,-0.087874781,0.008091488,-0.012531938
29/2/2016,-0.0194,0.024,-0.0495,0.0002,-0.00014595,0.045766289,-0.061977192,0.022949678,-0.047333712
31/3/2016,0.0506,0.0382,-0.0297,0.0002,-0.000128424,0.011877753,0.038593789,0.037751596,-0.029351372
30/4/2016,0.0514,-0.008,-0.0023,0.0001,-0.00019855,0.007846126,0.043512576,-0.00793772,-0.002282094
31/5/2016,-0.0104,0.0083,-0.0081,0.0001,-0.000221102,0.006089585,-0.016069281,0.008249762,-0.008050973
30/6/2016,-0.0247,0.0256,-0.0355,0.0002,-0.000271238,0.078311202,-0.09507341,0.023740827,-0.03292185
31/7/2016,0.0672,-0.0157,0.0644,0.0002,-0.000229456,-0.019225265,0.08855276,-0.016007753,0.065662377
31/8/2016,-0.0117,-0.0249,0.046,0.0002,-0.000183518,0.01871021,-0.029471834,-0.024442672,0.045155138
30/9/2016,0.0267,0.0438,-0.0351,0.0002,-0.000265387,0.016549748,0.010447134,0.043086922,-0.034528561
31/10/2016,0.016,0.0011,0.0358,0.0002,-0.000258701,-0.032177863,0.050245017,0.001136572,0.036990268
30/11/2016,-0.0388,-0.018,0.0631,0.0001,-0.000216925,-0.070196497,0.034091283,-0.019358929,0.067863801
31/12/2016,0.0135,0.0032,0.0134,0.0003,-0.000246166,-0.03313991,0.048794979,0.003309683,0.013859296
31/1/2017,0.0383,0.0205,-0.0053,0.0004,-0.000241988,0.023267065,0.015324009,0.020033871,-0.005179489
28/2/2017,0.0113,0.0256,0.008,0.0004,-0.000221937,0.008293051,0.003600865,0.025389444,0.007934201
31/3/2017,0.0084,0.0154,-0.0277,0.0003,-0.000211913,0.009039245,-0.000124292,0.015262043,-0.027451856
30/4/2017,0.0125,-0.0147,0.0033,0.0005,-0.000169324,0.004540142,0.008590947,-0.014633562,0.003285085
31/5/2017,0.0295,0.0275,-0.0619,0.0006,-0.000133431,0.003428056,0.026714255,0.027406051,-0.061688528
30/6/2017,0.0117,0.0158,0.0124,0.0006,-9.58839E-05,-0.010400393,0.023034851,0.015966053,0.01253032
31/7/2017,0.0233,0.018,0.0051,0.0007,-9.17129E-05,0.013710407,0.010242139,0.01775655,0.005031023
31/8/2017,0.003,0.022,0.0009,0.0009,-0.000120914,0.000271567,0.003748362,0.021994027,0.000899756
30/9/2017,0.0171,-0.0028,0.0238,0.0009,-0.000111735,-0.0179135,0.036680306,-0.002851073,0.024234118
31/10/2017,0.0412,-0.0117,-0.0059,0.0009,-0.000133431,-0.004689643,0.047143535,-0.011755127,-0.005927799
30/11/2017,0.026,0.0036,-0.0228,0.0008,-0.000133431,0.009017455,0.017757056,0.003567827,-0.022596239
31/12/2017,0.0129,0.0189,0.0196,0.0009,-0.000115907,-0.007795544,0.021881123,0.019048493,0.019753993
31/1/2018,0.0441,0.0221,-0.0286,0.0011,-0.000108398,0.037927547,0.007115104,0.02129243,-0.02755491
28/2/2018,-0.0144,0.0079,-0.0182,0.0011,-0.000132597,0.012333039,-0.02518816,0.007803756,-0.017978273
31/3/2018,-0.0149,0.0019,-0.037,0.0012,-0.000111735,0.008921444,-0.022309678,0.001883199,-0.036672825
30/4/2018,0.0028,-0.0256,0.044,0.0014,-0.000115073,-0.025799369,0.030908903,-0.026277955,0.045165235
31/5/2018,-0.0132,0.0204,-0.0543,0.0014,-0.000120914,0.005242102,-0.016832318,0.020293619,-0.054016838
30/6/2018,-0.0256,-0.0067,-0.0066,0.0014,-0.000107564,-0.015928323,-0.008298,-0.006808447,-0.006706829
31/7/2018,-0.0013,-0.0131,0.0228,0.0016,-0.000100055,-0.004504707,0.004926504,-0.013159279,0.022903172
31/8/2018,-0.0043,-0.0001,-0.0293,0.0016,-9.58839E-05,-0.000180156,-0.002424414,-0.000100018,-0.02930528
30/9/2018,0.0278,-0.0212,0.009,0.0015,-0.000106729,-0.02098858,0.051473423,-0.021654497,0.009192947
31/10/2018,-0.0882,-0.0047,0.039,0.0019,-0.000125086,0.002874326,-0.088793658,-0.004686529,0.038888223
30/11/2018,0.0083,0.008,-0.0365,0.0018,-0.000120914,-0.003041926,0.013302938,0.00802441,-0.036611369
31/12/2018,-0.073,-0.0438,0.0429,0.0019,-0.000123417,0.023185529,-0.092025589,-0.042807486,0.04192788
31/1/2019,0.0521,-0.0102,-0.015,0.0021,-0.000150124,0.017113232,0.036612896,-0.010028382,-0.014747621
28/2/2019,0.0029,0.0224,-0.0364,0.0018,-0.000132597,-0.017091319,0.022302834,0.022789503,-0.037032942
31/3/2019,0.0017,-0.0026,-0.0254,0.0019,-0.000148454,0.002124006,0.00162132,-0.002594489,-0.025346165
30/4/2019,0.0121,-0.0064,-0.0143,0.0021,-0.000130928,-0.008113317,0.022626761,-0.00645235,-0.014416969
31/5/2019,-0.038,0.0069,-0.0157,0.0021,-0.000131762,0.020213107,-0.054869596,0.006763293,-0.015388942
30/6/2019,0.0251,-0.0037,0.001,0.0018,-0.00016348,0.014615813,0.01227071,-0.003646701,0.000985595
31/7/2019,0.0034,0.0144,-0.0237,0.0019,-0.000157637,-0.007323477,0.012874243,0.014506236,-0.023874847
31/8/2019,-0.0128,-0.0188,-0.0238,0.0016,-0.000223608,0.019678753,-0.030059216,-0.018437179,-0.023340684
30/9/2019,0.0383,-0.0106,0.033,0.0018,-0.000249509,-0.013802686,0.05490661,-0.010748356,0.033461864
31/10/2019,0.0483,0.0041,0.0242,0.0015,-0.000182683,-0.0078125,0.058248825,0.004132283,0.024390551
30/11/2019,0.0067,0.0153,-0.0197,0.0012,-0.000131762,-0.006528786,0.01465537,0.015400547,-0.019829462
31/12/2019,0.0208,0.0075,0.0094,0.0014,-0.000107564,0.000685307,0.021607523,0.007494864,0.009393563
31/1/2020,-0.0205,-0.0137,-0.0147,0.0013,-0.000116742,0.005004821,-0.023967542,-0.013631775,-0.014626796
29/2/2020,-0.1009,-0.0521,0.0219,0.0012,-0.000181848,-0.006659065,-0.093482806,-0.052449263,0.022046811
31/3/2020,-0.0521,0.01,-0.0352,0.0012,-0.000125086,0.014294967,-0.064151055,0.009859065,-0.034703909
30/4/2020,0.0496,0.0318,-0.07,0,-0.000156802,0.013741031,0.035529711,0.031368958,-0.069051166
31/5/2020,0.0643,0.0366,-0.0739,0.0001,-0.000131762,-0.009568489,0.074814855,0.03695359,-0.074613943
30/6/2020,-0.0022,0.0076,-0.0397,0.0001,-0.000150124,0.000557699,-0.002506093,0.007595764,-0.039677872
31/7/2020,-0.0198,-0.014,-0.0276,0.0001,-0.000132597,0.027603993,-0.045900693,-0.013623925,-0.026858596
31/8/2020,0.0785,0.0078,-0.0031,0.0001,-0.000107564,-0.007912442,0.08730999,0.007862209,-0.003124724
30/9/2020,0.0221,0.0504,-0.0412,0.0001,-0.000124252,-0.001372132,0.023728772,0.05046925,-0.041256609
31/10/2020,-0.0199,-0.0138,-0.0041,0.0001,-0.000115073,0.010663734,-0.030027231,-0.013654393,-0.00405674
30/11/2020,0.1092,-0.0472,-0.0463,0.0001,-0.000107564,0.004563578,0.104368184,-0.046985578,-0.046089666
31/12/2020,0.0399,-0.02,0.0313,0.0001,-9.92208E-05,0.005118053,0.034803549,-0.01989816,0.031140621
31/1/2021,-0.0123,-0.0052,0.0168,0,-9.83866E-05,-0.007190451,-0.005048168,-0.005237661,0.016921674
28/2/2021,0.0114,-0.025,0.066,0,-9.75523E-05,-0.019551629,0.031666403,-0.025498538,0.06731614
31/3/2021,0.0144,0.0069,0.0559,0,-0.000107564,-0.035581543,0.051933141,0.007154571,0.057962391
30/4/2021,-0.0158,0.0007,-0.0101,0,-9.92208E-05,0.012901152,-0.02823637,0.000691084,-0.009971358
31/5/2021,0.0086,-0.022,0.0245,0,-9.92208E-05,-0.009098767,0.017960504,-0.022202011,0.024724967
30/6/2021,0.0006,0.0207,-0.0335,0,-9.08787E-05,-0.005699552,0.006426541,0.020818657,-0.033692029
31/7/2021,-0.0109,0.0071,0.0354,0,-0.000106729,0.010236256,-0.020815363,0.007028059,0.035041308
31/8/2021,0.0286,-0.0046,-0.0297,0,-0.000107564,-0.004820592,0.033690043,-0.004622282,-0.029843865
30/9/2021,0.0298,-0.0164,0.0167,0,-9.08787E-05,-0.017778175,0.048530217,-0.016696839,0.017002269
31/10/2021,-0.0382,-0.0054,-0.0068,0,-9.08787E-05,-0.014830136,-0.023630781,-0.005481288,-0.006902363
30/11/2021,-0.0292,-0.0165,-0.0257,0,-0.000108398,-0.001625588,-0.027510912,-0.016526866,-0.025741846
31/12/2021,0.013,-0.0087,0.0627,0.0001,-7.41969E-05,-0.009960853,0.023367066,-0.008787531,0.063330829
31/1/2022,-0.0514,-0.0524,0.1458,0,-6.66911E-05,-0.002732833,-0.04873384,-0.052543593,0.146199539
28/2/2022,-0.003,0.0197,0.0219,0,-5.83521E-05,-0.002811662,-0.000130517,0.019755546,0.021961749
31/3/2022,-0.0154,-0.0137,-0.0342,0,-6.25215E-05,-0.052773908,0.039518686,-0.014463284,-0.036105424
30/4/2022,-0.0847,-0.0106,0.0432,0,-7.08609E-05,-0.049906571,-0.036550199,-0.011156798,0.045469212
31/5/2022,0.0126,-0.0002,0.0081,0.0003,-7.08609E-05,0.005125797,0.007805418,-0.00019898,0.008058693
30/6/2022,-0.0682,0.0145,0.0319,0.0006,-8.75421E-05,-0.064599956,-0.003119689,0.015501389,0.034103056
31/7/2022,0.0567,0.0092,-0.0557,0.0008,-0.000120079,0.016519086,0.040435027,0.009050494,-0.054794839
31/8/2022,-0.0311,0.0122,0.0083,0.0019,-0.00011257,-0.031563018,0.002552602,0.012597619,0.008570511
30/9/2022,-0.0927,0.014,0.023,0.0019,-9.58839E-05,-0.039122005,-0.053686173,0.014570008,0.023936442
31/10/2022,0.0195,-0.0082,-0.0309,0.0023,-8.75421E-05,-0.022934849,0.045872461,-0.00839248,-0.031625322
30/11/2022,0.102,0.0043,0.0049,0.0029,-6.25215E-05,0.06525891,0.037275156,0.004036577,0.004599821
31/12/2022,0.0017,0.0083,0.0694,0.0033,1.08327E-05,0.043898586,-0.037273634,0.007950964,0.066481554
31/1/2023,0.0473,-0.0034,-0.0146,0.0035,-4.58449E-05,0.018700184,0.031556408,-0.003337587,-0.014331989
28/2/2023,-0.0396,0.0011,0.0474,0.0034,-5.50166E-05,-0.042910585,0.007066467,0.001149318,0.049525153
31/3/2023,0.0397,0.0024,-0.0349,0.0036,-9.58839E-05,0.023575343,0.019366235,0.002344722,-0.034096171
30/4/2023,-0.0027,-0.0163,0.0316,0.0035,-8.83763E-05,-0.004596241,0.005509534,-0.016375265,0.031745912
31/5/2023,0.0052,-0.0403,-0.0177,0.0036,-0.000104226,-0.042814221,0.054027114,-0.04210259,-0.018491708
30/6/2023,0.0355,-0.0146,0.0351,0.004,-0.000104226,-0.034566111,0.076822178,-0.015122734,0.03635671
31/7/2023,0.0244,-0.0065,0.0551,0.0045,-7.08609E-05,0.028775445,0.000191932,-0.006318191,0.053558821
31/8/2023,-0.0223,0.0064,0.0345,0.0045,-6.25215E-05,-0.036521084,0.019493237,0.006642595,0.035807737
30/9/2023,-0.0256,-0.0077,0.0819,0.0043,-5.3349E-05,-0.021829383,0.000594546,-0.007871837,0.083727725
31/10/2023,-0.0496,-0.0077,0.0234,0.0047,-5.00014E-06,0.001576071,-0.046397936,-0.007687883,0.023363178
30/11/2023,0.075,-0.0089,-0.0486,0.0044,-3.0005E-05,0.013940362,0.064589658,-0.008777637,-0.047931813
31/12/2023,0.0432,0.0169,-0.0155,0.0043,-2.16692E-05,0.039698812,0.007524984,0.016254707,-0.014908164
31/1/2024,0.0259,-0.0323,0.0407,0.0047,-2.91713E-05,-0.04001086,0.073582982,-0.033646214,0.042396313
29/2/2024,0.0249,-0.0201,-0.0005,0.0042,4.49889E-05,-0.021939724,0.052139652,-0.020550881,-0.000511216
31/3/2024,0.0274,-0.011,0.0509,0.0043,4.49889E-05,-0.005315461,0.037168278,-0.011058783,0.051172003
30/4/2024,-0.0601,-0.0145,0.0474,0.0047,7.91322E-05,-0.031217016,-0.025041363,-0.014967232,0.048927366
31/5/2024,0.0049,-0.0104,0.0223,0.0044,0.000194791,-0.004235939,0.013398729,-0.010444241,0.022394863